Sheet: School1
,,St. Mary's CE Primary School
Category,Activity,Rating
Vision & Leadership,Christian vision drives decision-making at all levels,Advanced
Vision & Leadership,Vision understood and articulated by all stakeholders,Fully Effective
Vision & Leadership,Leadership ensures vision impacts whole school experience,Advanced
Vision & Leadership,Vision reviewed and refined regularly,Transitioning
Vision & Leadership,Governors actively promote and champion the vision,Fully Effective
Wisdom Knowledge & Skills,Curriculum embodies and reflects Christian vision,Fully Effective
Wisdom Knowledge & Skills,Pupils develop as wise knowledgeable learners,Transitioning
Wisdom Knowledge & Skills,Teaching promotes deep thinking about big ideas,Advanced
Wisdom Knowledge & Skills,Assessment supports pupils to flourish,Fully Effective
Wisdom Knowledge & Skills,Subject leadership is strong,Transitioning
Character Development,School nurtures hope and aspiration in all pupils,Transitioning
Character Development,Develops courageous advocacy and responsibility,Baseline
Character Development,Supports moral and spiritual character development,Fully Effective
Character Development,Pupils demonstrate resilience and growth mindset,Advanced
Character Development,Character education is explicit and intentional,Transitioning
Community & Living Together,Creates and sustains strong sense of community,Advanced
Community & Living Together,Understanding of living well in diverse communities,Fully Effective
Community & Living Together,Partnership with local church and Christian community,Advanced
Community & Living Together,Parental engagement is strong,Fully Effective
Community & Living Together,Links with global Christian community,Transitioning
Dignity & Respect,All members treated with dignity and respect,Fully Effective
Dignity & Respect,Celebrates and values diversity within community,Transitioning
Dignity & Respect,Vulnerable pupils enabled to flourish,Fully Effective
Dignity & Respect,Inclusive practices embedded throughout,Baseline
Dignity & Respect,Anti-bullying work is effective,Fully Effective
Collective Worship,Worship reflects and promotes Christian vision,Advanced
Collective Worship,Enables pupils and adults to engage spiritually,Fully Effective
Collective Worship,Inclusive invitational and inspiring,Fully Effective
Collective Worship,Pupil leadership in worship is evident,Transitioning
Collective Worship,Anglican tradition is understood and celebrated,Fully Effective
Religious Education,Curriculum enables pupils to develop religious literacy,Transitioning
Religious Education,Critical engagement with religious and philosophical ideas,Baseline
Religious Education,Supports spiritual moral and cultural development,Advanced
Religious Education,Assessment of RE is robust,Transitioning
Religious Education,RE is well-resourced and valued,Fully Effective

Sheet: School2
,,Holy Trinity CE Academy
Category,Activity,Rating
Vision & Leadership,Christian vision drives decision-making at all levels,Fully Effective
Vision & Leadership,Vision understood and articulated by all stakeholders,Advanced
Vision & Leadership,Leadership ensures vision impacts whole school experience,Fully Effective
Vision & Leadership,Vision reviewed and refined regularly,Fully Effective
Vision & Leadership,Governors actively promote and champion the vision,Advanced
Wisdom Knowledge & Skills,Curriculum embodies and reflects Christian vision,Advanced
Wisdom Knowledge & Skills,Pupils develop as wise knowledgeable learners,Fully Effective
Wisdom Knowledge & Skills,Teaching promotes deep thinking about big ideas,Fully Effective
Wisdom Knowledge & Skills,Assessment supports pupils to flourish,Advanced
Wisdom Knowledge & Skills,Subject leadership is strong,Fully Effective
Character Development,School nurtures hope and aspiration in all pupils,Fully Effective
Character Development,Develops courageous advocacy and responsibility,Transitioning
Character Development,Supports moral and spiritual character development,Advanced
Character Development,Pupils demonstrate resilience and growth mindset,Fully Effective
Character Development,Character education is explicit and intentional,Fully Effective
Community & Living Together,Creates and sustains strong sense of community,Advanced
Community & Living Together,Understanding of living well in diverse communities,Advanced
Community & Living Together,Partnership with local church and Christian community,Advanced
Community & Living Together,Parental engagement is strong,Fully Effective
Community & Living Together,Links with global Christian community,Fully Effective
Dignity & Respect,All members treated with dignity and respect,Advanced
Dignity & Respect,Celebrates and values diversity within community,Fully Effective
Dignity & Respect,Vulnerable pupils enabled to flourish,Advanced
Dignity & Respect,Inclusive practices embedded throughout,Fully Effective
Dignity & Respect,Anti-bullying work is effective,Advanced
Collective Worship,Worship reflects and promotes Christian vision,Advanced
Collective Worship,Enables pupils and adults to engage spiritually,Advanced
Collective Worship,Inclusive invitational and inspiring,Advanced
Collective Worship,Pupil leadership in worship is evident,Fully Effective
Collective Worship,Anglican tradition is understood and celebrated,Fully Effective
Religious Education,Curriculum enables pupils to develop religious literacy,Fully Effective
Religious Education,Critical engagement with religious and philosophical ideas,Transitioning
Religious Education,Supports spiritual moral and cultural development,Advanced
Religious Education,Assessment of RE is robust,Fully Effective
Religious Education,RE is well-resourced and valued,Advanced
